### 1

------

》修改字符集

```shell
# 查看当前字符集设置
mysql> SHOW VARIABLES LIKE 'character%';
+--------------------------+----------------------------+
| Variable_name            | Value                      |
+--------------------------+----------------------------+
| character_set_client     | utf8mb4                    |
| character_set_connection | utf8mb4                    |
| character_set_database   | utf8                    |
| character_set_filesystem | binary                     |
| character_set_results    | utf8mb4                    |
| character_set_server     | utf8mb4                    |
| character_set_system     | utf8                       |
| character_sets_dir       | /usr/share/mysql/charsets/ |
+--------------------------+----------------------------+
8 rows in set (0.00 sec)

# 设置字符集
mysql> SET character_set_database = utf8mb4;

```

也可以修改`/etc/my.cnf`文件





》》增加远程用户对testdb库的权限

```mysql

# 创建用户
mysql> CREATE USER 'rose'@'%' IDENTIFIED BY 'Rose1234!';

# 授权testdb
mysql> GRANT ALL ON testdb.* TO 'rose'@'%';

```



### 2

------

详见 02_orm.py



### 3

------

为以下 sql 语句标注执行顺序：

```sql
5: SELECT DISTINCT player_id, player_name, count(*) as num 				
1: FROM player JOIN team ON player.team_id = team.team_id 						
2: WHERE height > 1.80 																							
3: GROUP BY player.team_id 
4: HAVING num > 2 
6: ORDER BY num DESC 
7: LIMIT 2
```



### 4

------

 INNER JOIN

```sql
mysql> SELECT table1.id t1_id,table1.name t1_name,table2.id t2_id,table2.name t2_name
    -> FROM table1
    -> INNER JOIN table2
    -> ON table1.id = table2.id;
+-------+---------------+-------+---------------+
| t1_id | t1_name       | t2_id | t2_name       |
+-------+---------------+-------+---------------+
|     1 | table1_table2 |     1 | table1_table2 |
+-------+---------------+-------+---------------+
1 row in set (0.00 sec)
```



LEFT JOIN

```sql
mysql> SELECT table1.id t1_id,table1.name t1_name,table2.id t2_id,table2.name t2_name
    -> FROM table1
    -> LEFT JOIN table2
    -> ON table1.id = table2.id;
+-------+---------------+-------+---------------+
| t1_id | t1_name       | t2_id | t2_name       |
+-------+---------------+-------+---------------+
|     1 | table1_table2 |     1 | table1_table2 |
|     2 | table1        |  NULL | NULL          |
+-------+---------------+-------+---------------+
2 rows in set (0.00 sec)
```



 RIGHT JOIN

```sql
mysql> SELECT table1.id t1_id,table1.name t1_name,table2.id t2_id,table2.name t2_name
    -> FROM table1
    -> RIGHT JOIN table2
    -> ON table1.id = table2.id;
+-------+---------------+-------+---------------+
| t1_id | t1_name       | t2_id | t2_name       |
+-------+---------------+-------+---------------+
|     1 | table1_table2 |     1 | table1_table2 |
|  NULL | NULL          |     3 | table2        |
+-------+---------------+-------+---------------+
2 rows in set (0.00 sec)
```

